"DBA4","2019-03-31","00438CD587","depositor"
"DBA4","2019-03-31","00DAFC2B40","depositor"
"DBA4","2019-03-31","010CD9CC6B","depositor"
"DBA4","2019-03-31","01ACBF14DE","depositor"
"DBA4","2019-03-31","0201314B69","depositor"
"DBA4","2019-03-31","027C52C61E","depositor"
"DBA4","2019-03-31","02B00D5CB6","depositor"
"DBA4","2019-03-31","02D082011E","depositor"
"DBA4","2019-03-31","02F9C7F7F7","depositor"
"DBA4","2019-03-31","031EAD7424","depositor"
"DBA4","2019-03-31","03541103BE","depositor"
"DBA4","2019-03-31","046F1F75F7","depositor"
"DBA4","2019-03-31","04C78A4313","depositor"
"DBA4","2019-03-31","04FD5ACF38","depositor"
"DBA4","2019-03-31","0523A63071","depositor"
"DBA4","2019-03-31","0534DA873B","depositor"
"DBA4","2019-03-31","05584661BA","depositor"
"DBA4","2019-03-31","05A07D61EB","depositor"
"DBA4","2019-03-31","05B850D99F","depositor"
"DBA4","2019-03-31","05F789666F","depositor"
"DBA4","2019-03-31","0631CDDAEE","depositor"
"DBA4","2019-03-31","06F60B1033","depositor"
"DBA4","2019-03-31","0706D7AEB7","depositor"
"DBA4","2019-03-31","0725A88536","depositor"
"DBA4","2019-03-31","07520F2F92","depositor"
"DBA4","2019-03-31","08717E0318","depositor;representative"
"DBA4","2019-03-31","08AC9621E8","depositor"
"DBA4","2019-03-31","08DD23F368","depositor"
"DBA4","2019-03-31","093AB80DA0","depositor"
"DBA4","2019-03-31","0A0FF032FE","depositor"
"DBA4","2019-03-31","0A1C252E9C","depositor"
"DBA4","2019-03-31","0A2B2C7B00","depositor"
"DBA4","2019-03-31","0A3B0BC66E","depositor"
"DBA4","2019-03-31","0A46B3CD2C","depositor"
"DBA4","2019-03-31","0A616D9A59","depositor"
"DBA4","2019-03-31","0B27B6EBCB","depositor"
"DBA4","2019-03-31","0BE9A4072D","depositor"
"DBA4","2019-03-31","0C1791447C","depositor"
"DBA4","2019-03-31","0C287B66F5","depositor"
"DBA4","2019-03-31","0CAF93989C","depositor"
"DBA4","2019-03-31","0D0D19B6C0","depositor"
"DBA4","2019-03-31","0DDDCA653C","depositor"
"DBA4","2019-03-31","0DFA2CE44C","depositor"
"DBA4","2019-03-31","0DFFE1D4E9","depositor"
"DBA4","2019-03-31","0E2490AFD0","depositor"
"DBA4","2019-03-31","0FA9D4125C","depositor"
"DBA4","2019-03-31","0FC81054F4","depositor"
"DBA4","2019-03-31","10CFC4E85C","depositor"
"DBA4","2019-03-31","11B6A7CB3D","depositor"
"DBA4","2019-03-31","1214028862","depositor"
"DBA4","2019-03-31","13106B4258","depositor"
"DBA4","2019-03-31","1324C19E64","depositor"
"DBA4","2019-03-31","139A306C6B","depositor"
"DBA4","2019-03-31","13E5DAC2E0","depositor"
"DBA4","2019-03-31","142DBAF61B","depositor"
"DBA4","2019-03-31","145F7E12C5","depositor"
"DBA4","2019-03-31","147EF7AACA","depositor"
"DBA4","2019-03-31","14C7C03799","depositor"
"DBA4","2019-03-31","14FD9B83A4","depositor"
"DBA4","2019-03-31","15558608E2","depositor"
"DBA4","2019-03-31","15DECC3324","depositor"
"DBA4","2019-03-31","15E3AC8154","depositor"
"DBA4","2019-03-31","16CA0099D8","depositor"
"DBA4","2019-03-31","16D3F29419","depositor"
"DBA4","2019-03-31","16EEF635DA","depositor"
"DBA4","2019-03-31","17795A94BE","depositor"
"DBA4","2019-03-31","1785BC589B","depositor"
"DBA4","2019-03-31","17A893BC7C","depositor"
"DBA4","2019-03-31","184BA51AAE","depositor"
"DBA4","2019-03-31","19916E456D","depositor"
"DBA4","2019-03-31","19CA77E4A2","depositor"
"DBA4","2019-03-31","19EB5462F3","depositor"
"DBA4","2019-03-31","1A05673867","depositor"
"DBA4","2019-03-31","1A8F5D48F4","depositor"
"DBA4","2019-03-31","1AD77D2B02","depositor;representative"
"DBA4","2019-03-31","1AF085A442","depositor"
"DBA4","2019-03-31","1B65916064","depositor"
"DBA4","2019-03-31","1B99833447","depositor"
"DBA4","2019-03-31","1BCEE23391","depositor"
"DBA4","2019-03-31","1BD4AFAD0A","depositor"
"DBA4","2019-03-31","1BD93AE6BB","depositor"
"DBA4","2019-03-31","1BF3DEF497","depositor"
"DBA4","2019-03-31","1C02F00622","depositor"
"DBA4","2019-03-31","1C4D887B4B","depositor"
"DBA4","2019-03-31","1C554168C8","depositor"
"DBA4","2019-03-31","1CE2D014D6","depositor"
"DBA4","2019-03-31","1D31DF4445","depositor"
"DBA4","2019-03-31","1DA5A30D3B","depositor"
"DBA4","2019-03-31","1DF3708DAE","depositor"
"DBA4","2019-03-31","1EFFED41A8","depositor"
"DBA4","2019-03-31","1F5DBEBB05","depositor"
"DBA4","2019-03-31","1FA6948357","depositor"
"DBA4","2019-03-31","1FCC19D858","depositor"
"DBA4","2019-03-31","1FD955D038","depositor"
"DBA4","2019-03-31","2019E4A66D","depositor"
"DBA4","2019-03-31","206817542F","depositor"
"DBA4","2019-03-31","209859BC08","depositor"
"DBA4","2019-03-31","20F922AAB5","depositor"
"DBA4","2019-03-31","21BA4D9624","depositor"
"DBA4","2019-03-31","222890DF72","depositor"
"DBA4","2019-03-31","223B9F42C5","depositor"
"DBA4","2019-03-31","22C638A6D9","depositor"
"DBA4","2019-03-31","2350EF7778","depositor"
"DBA4","2019-03-31","2365E82EF7","depositor"
"DBA4","2019-03-31","23A38797FF","depositor"
"DBA4","2019-03-31","23DF5A9E49","depositor"
"DBA4","2019-03-31","24392ED803","depositor"
"DBA4","2019-03-31","24D7914C0C","depositor"
"DBA4","2019-03-31","2524C54818","depositor"
"DBA4","2019-03-31","2546E1330D","depositor"
"DBA4","2019-03-31","255ABA443E","depositor"
"DBA4","2019-03-31","25688E5D35","depositor"
"DBA4","2019-03-31","257BB52BC5","depositor"
"DBA4","2019-03-31","25884CB49C","depositor"
"DBA4","2019-03-31","25BF9F15B2","depositor"
"DBA4","2019-03-31","26746EA979","depositor"
"DBA4","2019-03-31","267B4AC723","depositor"
"DBA4","2019-03-31","269A9D7861","depositor"
"DBA4","2019-03-31","26B7944065","depositor"
"DBA4","2019-03-31","26F6098DE5","depositor"
"DBA4","2019-03-31","276CED9007","depositor"
"DBA4","2019-03-31","28A72BC6A3","depositor"
"DBA4","2019-03-31","28BB125633","depositor"
"DBA4","2019-03-31","28BBA05589","depositor"
"DBA4","2019-03-31","28F13FBCAA","depositor"
"DBA4","2019-03-31","29116CAF80","depositor"
"DBA4","2019-03-31","29AAD470A8","depositor"
"DBA4","2019-03-31","29FBF2AAE8","depositor;representative"
"DBA4","2019-03-31","29FFD41BF9","depositor"
"DBA4","2019-03-31","2A5758DB62","depositor"
"DBA4","2019-03-31","2A87E95F11","depositor"
"DBA4","2019-03-31","2A87FBBFE7","depositor"
"DBA4","2019-03-31","2AB3B947F7","depositor"
"DBA4","2019-03-31","2ADEDE9441","depositor"
"DBA4","2019-03-31","2B00D94AD4","depositor"
"DBA4","2019-03-31","2B67B70BD2","depositor"
"DBA4","2019-03-31","2C008B05B2","depositor"
"DBA4","2019-03-31","2C8DEA403A","depositor"
"DBA4","2019-03-31","2CBF43FAE2","depositor"
"DBA4","2019-03-31","2D27978E5C","depositor"
"DBA4","2019-03-31","2DBD6330B9","depositor"
"DBA4","2019-03-31","2DC1518E31","depositor"
"DBA4","2019-03-31","2DC9318077","depositor"
"DBA4","2019-03-31","2DCDDA8602","depositor"
"DBA4","2019-03-31","2DECF54D85","depositor"
"DBA4","2019-03-31","2F3DEFB589","depositor"
"DBA4","2019-03-31","2F59024CBD","depositor"
"DBA4","2019-03-31","2FF2F564B0","depositor"
"DBA4","2019-03-31","3006D593CF","depositor"
"DBA4","2019-03-31","3135514A50","depositor"
"DBA4","2019-03-31","31B564C2C5","depositor"
"DBA4","2019-03-31","31E912B509","depositor"
"DBA4","2019-03-31","3203C76CD8","depositor"
"DBA4","2019-03-31","3218C0BEBE","depositor"
"DBA4","2019-03-31","321D52128C","depositor"
"DBA4","2019-03-31","327C7CB878","depositor"
"DBA4","2019-03-31","328A0B77BD","depositor"
"DBA4","2019-03-31","330232509A","depositor"
"DBA4","2019-03-31","339C0FCA43","depositor"
"DBA4","2019-03-31","33D750C9D2","depositor"
"DBA4","2019-03-31","34BCD7C89F","depositor"
"DBA4","2019-03-31","352AE57E17","depositor"
"DBA4","2019-03-31","358273ACCE","depositor"
"DBA4","2019-03-31","35A703DEAB","depositor"
"DBA4","2019-03-31","35AD01213C","depositor"
"DBA4","2019-03-31","360EB5A96A","depositor"
"DBA4","2019-03-31","3817B65CD3","depositor"
"DBA4","2019-03-31","382CA4822B","depositor;representative"
"DBA4","2019-03-31","383D71C340","depositor"
"DBA4","2019-03-31","389AAE8B7C","depositor"
"DBA4","2019-03-31","38AEBBFE98","depositor"
"DBA4","2019-03-31","390B189D93","depositor"
"DBA4","2019-03-31","399E4D2747","depositor"
"DBA4","2019-03-31","39A2AD3CBC","depositor"
"DBA4","2019-03-31","39D10696F4","depositor"
"DBA4","2019-03-31","39E0B15D1A","depositor"
"DBA4","2019-03-31","3A3522F911","depositor"
"DBA4","2019-03-31","3A568C5EDF","depositor"
"DBA4","2019-03-31","3A5E3E62E1","depositor"
"DBA4","2019-03-31","3ABD58D0CA","depositor"
"DBA4","2019-03-31","3AEA9807ED","depositor"
"DBA4","2019-03-31","3BB243E469","depositor"
"DBA4","2019-03-31","3BB53EACF1","depositor"
"DBA4","2019-03-31","3BFE68A4EC","depositor"
"DBA4","2019-03-31","3C08527D74","depositor"
"DBA4","2019-03-31","3C0F0D1539","depositor"
"DBA4","2019-03-31","3C5259E358","depositor"
"DBA4","2019-03-31","3D598C0D70","depositor"
"DBA4","2019-03-31","3D7EFCEFE2","depositor"
"DBA4","2019-03-31","3DA7F50F44","depositor"
"DBA4","2019-03-31","3DCCF368F6","depositor"
"DBA4","2019-03-31","3E149024D5","depositor"
"DBA4","2019-03-31","3ED83FBDC8","depositor"
"DBA4","2019-03-31","3F500ED7D0","depositor"
"DBA4","2019-03-31","3FEDED78DD","depositor"
"DBA4","2019-03-31","40783FDCDC","depositor"
"DBA4","2019-03-31","40BA8FE440","depositor"
"DBA4","2019-03-31","40DD85AEAF","depositor"
"DBA4","2019-03-31","418AB47393","depositor"
"DBA4","2019-03-31","41D60FC2BA","depositor"
"DBA4","2019-03-31","424954DED2","depositor"
"DBA4","2019-03-31","4269EBEE72","depositor"
"DBA4","2019-03-31","437E1097A0","depositor"
"DBA4","2019-03-31","43BE175392","depositor"
"DBA4","2019-03-31","43D9C069C0","depositor"
"DBA4","2019-03-31","44479DC141","depositor"
"DBA4","2019-03-31","44C4EFBBD6","depositor"
"DBA4","2019-03-31","453EC5FC5A","depositor"
"DBA4","2019-03-31","45913B7599","depositor"
"DBA4","2019-03-31","45B49CEC86","depositor"
"DBA4","2019-03-31","47779AD8B9","depositor"
"DBA4","2019-03-31","478A429C1C","depositor"
"DBA4","2019-03-31","479489D032","depositor"
"DBA4","2019-03-31","47D0B3911B","depositor"
"DBA4","2019-03-31","480080340C","depositor"
"DBA4","2019-03-31","480AF464B0","depositor"
"DBA4","2019-03-31","48D5E9D0CA","depositor"
"DBA4","2019-03-31","4903FB1F97","depositor"
"DBA4","2019-03-31","49DBCEFAF5","depositor"
"DBA4","2019-03-31","49F5EADE20","depositor"
"DBA4","2019-03-31","4A10EF6A9C","depositor"
"DBA4","2019-03-31","4A3EF47FF5","depositor"
"DBA4","2019-03-31","4A8F0B4005","depositor"
"DBA4","2019-03-31","4AAED5ECE5","depositor"
"DBA4","2019-03-31","4B04F3C91A","depositor"
"DBA4","2019-03-31","4B65919766","depositor"
"DBA4","2019-03-31","4B97C3F97A","depositor"
"DBA4","2019-03-31","4BB973D116","depositor"
"DBA4","2019-03-31","4C0096DF88","depositor"
"DBA4","2019-03-31","4C01250DFA","depositor"
"DBA4","2019-03-31","4C04174CE6","depositor"
"DBA4","2019-03-31","4C73EE0CAD","depositor"
"DBA4","2019-03-31","4C7543E69C","depositor"
"DBA4","2019-03-31","4CD24787F3","depositor"
"DBA4","2019-03-31","4D2D408B42","depositor"
"DBA4","2019-03-31","4DB720489D","depositor"
"DBA4","2019-03-31","4DE7DFA913","depositor"
"DBA4","2019-03-31","4DE7E26052","depositor"
"DBA4","2019-03-31","4E3D0C1780","depositor"
"DBA4","2019-03-31","4E407666B9","depositor"
"DBA4","2019-03-31","4E50565E1E","depositor"
"DBA4","2019-03-31","4FB70B9897","depositor"
"DBA4","2019-03-31","5043AD24D9","depositor"
"DBA4","2019-03-31","50E7309B22","depositor"
"DBA4","2019-03-31","5121285FF2","depositor"
"DBA4","2019-03-31","5122BAA2DF","depositor"
"DBA4","2019-03-31","5142C64B69","depositor"
"DBA4","2019-03-31","5147EACA6C","depositor"
"DBA4","2019-03-31","51755FE511","depositor"
"DBA4","2019-03-31","51FD7C3EA1","depositor"
"DBA4","2019-03-31","52184653D9","depositor"
"DBA4","2019-03-31","525A910408","depositor"
"DBA4","2019-03-31","527B694A2C","depositor"
"DBA4","2019-03-31","5382618143","depositor"
"DBA4","2019-03-31","53A03EE450","depositor"
"DBA4","2019-03-31","53DD241B30","depositor"
"DBA4","2019-03-31","54838A41CD","depositor"
"DBA4","2019-03-31","548D394E2E","depositor"
"DBA4","2019-03-31","548EE213E7","depositor"
"DBA4","2019-03-31","54D637C0D1","depositor"
"DBA4","2019-03-31","55924A6373","depositor"
"DBA4","2019-03-31","55FB08D028","depositor"
"DBA4","2019-03-31","561FC7C573","depositor"
"DBA4","2019-03-31","5649172C2B","depositor"
"DBA4","2019-03-31","5694463A75","depositor"
"DBA4","2019-03-31","56A2FC3F2E","depositor"
"DBA4","2019-03-31","56A38E2881","depositor"
"DBA4","2019-03-31","56F9B8B6A1","depositor"
"DBA4","2019-03-31","576D24C9DC","depositor"
"DBA4","2019-03-31","57A3D9F59F","depositor"
"DBA4","2019-03-31","57D79054F4","depositor"
"DBA4","2019-03-31","57F996AAC2","depositor"
"DBA4","2019-03-31","58201BECD2","depositor"
"DBA4","2019-03-31","582496D751","depositor;representative"
"DBA4","2019-03-31","5871C14D69","depositor"
"DBA4","2019-03-31","587ED3E2FE","depositor"
"DBA4","2019-03-31","5938DB669A","depositor"
"DBA4","2019-03-31","59613DC4FB","depositor"
"DBA4","2019-03-31","59760AA05E","depositor"
"DBA4","2019-03-31","598E95F3FE","depositor"
"DBA4","2019-03-31","599B736F54","depositor"
"DBA4","2019-03-31","599B91D4B5","depositor"
"DBA4","2019-03-31","59BF2C6F64","depositor"
"DBA4","2019-03-31","59EDB05748","depositor"
"DBA4","2019-03-31","5A8DC22251","depositor"
"DBA4","2019-03-31","5AB7A2F0FD","depositor"
"DBA4","2019-03-31","5AC6EAD5DB","depositor"
"DBA4","2019-03-31","5AE1D30389","depositor"
"DBA4","2019-03-31","5B69DFFDDC","depositor"
"DBA4","2019-03-31","5BAA0118FF","depositor"
"DBA4","2019-03-31","5C12835987","depositor"
"DBA4","2019-03-31","5C810A3740","depositor"
"DBA4","2019-03-31","5C871228BE","depositor"
"DBA4","2019-03-31","5CDC39C1C7","depositor"
"DBA4","2019-03-31","5D48BA728A","depositor"
"DBA4","2019-03-31","5D7D86C2C4","depositor"
"DBA4","2019-03-31","5D939BBECA","depositor"
"DBA4","2019-03-31","5D98CC5F16","depositor"
"DBA4","2019-03-31","5DC72D25F8","depositor"
"DBA4","2019-03-31","5DCE2B5B12","depositor"
"DBA4","2019-03-31","5DEA8C8D1A","depositor"
"DBA4","2019-03-31","5DF450797D","depositor"
"DBA4","2019-03-31","5E11607B5F","depositor"
"DBA4","2019-03-31","5E170BEA6D","depositor"
"DBA4","2019-03-31","5E2F731E57","depositor"
"DBA4","2019-03-31","5E4BCD9709","depositor"
"DBA4","2019-03-31","5EE0891713","depositor"
"DBA4","2019-03-31","5F00B5D9F4","depositor"
"DBA4","2019-03-31","5F1BF0D0BC","depositor"
"DBA4","2019-03-31","5FBF3380A1","depositor"
"DBA4","2019-03-31","5FEF533A09","depositor"
"DBA4","2019-03-31","5FF5FE7D26","depositor"
"DBA4","2019-03-31","602E96693E","depositor"
"DBA4","2019-03-31","606170E08B","depositor"
"DBA4","2019-03-31","6079A24B57","depositor"
"DBA4","2019-03-31","607FA6DE7D","depositor"
"DBA4","2019-03-31","61B467FEA9","depositor"
"DBA4","2019-03-31","61D1E84FAC","depositor"
"DBA4","2019-03-31","624D22E7CD","depositor"
"DBA4","2019-03-31","62DBF87356","depositor"
"DBA4","2019-03-31","62F8E0D5D5","depositor"
"DBA4","2019-03-31","636D62AC02","depositor"
"DBA4","2019-03-31","63E71B300B","depositor"
"DBA4","2019-03-31","63E979AA44","depositor"
"DBA4","2019-03-31","645E6FC1FC","depositor"
"DBA4","2019-03-31","646FFD575A","depositor"
"DBA4","2019-03-31","65789AD46D","depositor"
"DBA4","2019-03-31","658F3ED758","depositor"
"DBA4","2019-03-31","65C8AC85F1","depositor"
"DBA4","2019-03-31","660307CEB6","depositor"
"DBA4","2019-03-31","6625BCAC76","depositor"
"DBA4","2019-03-31","6661DEEF84","depositor"
"DBA4","2019-03-31","666CDC6527","depositor"
"DBA4","2019-03-31","66A8300F9A","depositor;representative"
"DBA4","2019-03-31","6702D0DBEF","depositor"
"DBA4","2019-03-31","6712977B7F","depositor"
"DBA4","2019-03-31","6771577626","depositor"
"DBA4","2019-03-31","67FB5604B0","depositor"
"DBA4","2019-03-31","685429BF11","depositor"
"DBA4","2019-03-31","69BA9105F1","depositor"
"DBA4","2019-03-31","6A56010500","depositor"
"DBA4","2019-03-31","6A6F228FF2","depositor"
"DBA4","2019-03-31","6AF5A93136","depositor"
"DBA4","2019-03-31","6B9F90C602","depositor"
"DBA4","2019-03-31","6BD69B3114","depositor"
"DBA4","2019-03-31","6C4F56F1A2","depositor;representative"
"DBA4","2019-03-31","6C62108D1B","depositor"
"DBA4","2019-03-31","6D759982BE","depositor"
"DBA4","2019-03-31","6DAB5D1230","depositor"
"DBA4","2019-03-31","6E1E7E5C4C","depositor"
"DBA4","2019-03-31","6E6DCF6FEE","depositor"
"DBA4","2019-03-31","6E704E3A0E","depositor"
"DBA4","2019-03-31","6EC9CE41B3","depositor"
"DBA4","2019-03-31","6ED1B2687A","depositor"
"DBA4","2019-03-31","6FA09525BC","depositor"
"DBA4","2019-03-31","701C1CDFC4","depositor"
"DBA4","2019-03-31","702501CF34","depositor"
"DBA4","2019-03-31","7088669595","depositor"
"DBA4","2019-03-31","7096DD5CA0","depositor"
"DBA4","2019-03-31","70A36BE80F","depositor"
"DBA4","2019-03-31","70B7A21BE1","depositor"
"DBA4","2019-03-31","71177ADD80","depositor"
"DBA4","2019-03-31","71D402F3FA","depositor"
"DBA4","2019-03-31","71E759A077","depositor;representative"
"DBA4","2019-03-31","720E44D4FE","depositor"
"DBA4","2019-03-31","724696C52B","depositor;representative"
"DBA4","2019-03-31","729C301859","depositor"
"DBA4","2019-03-31","72B5087A53","depositor"
"DBA4","2019-03-31","7307EDA21E","depositor"
"DBA4","2019-03-31","7386D07A2A","depositor"
"DBA4","2019-03-31","738AA23118","depositor"
"DBA4","2019-03-31","73A73B2139","depositor"
"DBA4","2019-03-31","74239B0932","depositor"
"DBA4","2019-03-31","74427C75AA","depositor"
"DBA4","2019-03-31","745571818F","depositor"
"DBA4","2019-03-31","745F3CF172","depositor"
"DBA4","2019-03-31","753B195C41","depositor"
"DBA4","2019-03-31","753DC197EE","depositor"
"DBA4","2019-03-31","7544A0D4BF","depositor"
"DBA4","2019-03-31","75D4EEA0B3","depositor"
"DBA4","2019-03-31","7661D215DE","depositor"
"DBA4","2019-03-31","767B0E3E5B","depositor"
"DBA4","2019-03-31","76BF181B17","depositor"
"DBA4","2019-03-31","76C0C27970","depositor"
"DBA4","2019-03-31","76CF16CF4F","depositor"
"DBA4","2019-03-31","7789B9E585","depositor"
"DBA4","2019-03-31","77C232DA5C","depositor"
"DBA4","2019-03-31","77E5F46007","depositor"
"DBA4","2019-03-31","7801F0B24B","depositor"
"DBA4","2019-03-31","788EAFAF0A","depositor"
"DBA4","2019-03-31","78AADB2F27","depositor"
"DBA4","2019-03-31","791B13F022","depositor"
"DBA4","2019-03-31","792EAAC13E","depositor"
"DBA4","2019-03-31","793AF9DB56","depositor"
"DBA4","2019-03-31","794B1739A4","depositor"
"DBA4","2019-03-31","7962A1374A","depositor"
"DBA4","2019-03-31","79C4D5A747","depositor"
"DBA4","2019-03-31","79F468BACF","depositor"
"DBA4","2019-03-31","7A4294ED56","depositor"
"DBA4","2019-03-31","7A6D30D96E","depositor"
"DBA4","2019-03-31","7ACA553DC7","depositor"
"DBA4","2019-03-31","7ACCA83505","depositor"
"DBA4","2019-03-31","7B7E724DFF","depositor"
"DBA4","2019-03-31","7BDAC63BC5","depositor"
"DBA4","2019-03-31","7C2B2C3765","depositor"
"DBA4","2019-03-31","7C9BCB17B3","depositor"
"DBA4","2019-03-31","7CC3901702","depositor"
"DBA4","2019-03-31","7CD91ED07C","depositor"
"DBA4","2019-03-31","7D3F1B0360","depositor"
"DBA4","2019-03-31","7D6834BA46","depositor"
"DBA4","2019-03-31","7D84E624DB","depositor"
"DBA4","2019-03-31","7DE1FD05A7","depositor"
"DBA4","2019-03-31","7DF50955C2","depositor"
"DBA4","2019-03-31","7E21AC7248","depositor"
"DBA4","2019-03-31","7E3D9F6DF6","depositor;representative"
"DBA4","2019-03-31","7E46DC1106","depositor"
"DBA4","2019-03-31","7E491545F4","depositor"
"DBA4","2019-03-31","7EF994E866","depositor"
"DBA4","2019-03-31","7F6DF43231","depositor"
"DBA4","2019-03-31","7FD5B7C9D0","depositor"
"DBA4","2019-03-31","7FF31A2846","depositor"
"DBA4","2019-03-31","7FF762CAFB","depositor"
"DBA4","2019-03-31","80FB5298B5","depositor"
"DBA4","2019-03-31","8114F95617","depositor"
"DBA4","2019-03-31","8173C4594C","depositor"
"DBA4","2019-03-31","81BD30E27F","depositor"
"DBA4","2019-03-31","81D83C9E22","depositor"
"DBA4","2019-03-31","82C60A06AA","depositor"
"DBA4","2019-03-31","82CA54AD1A","depositor"
"DBA4","2019-03-31","834337B9A4","depositor"
"DBA4","2019-03-31","8348619949","depositor"
"DBA4","2019-03-31","842462B22A","depositor"
"DBA4","2019-03-31","842B6AB32B","depositor"
"DBA4","2019-03-31","84CEDEE303","depositor"
"DBA4","2019-03-31","84FB052BDC","depositor"
"DBA4","2019-03-31","8589C0ADE0","depositor"
"DBA4","2019-03-31","85BD1FFF7A","depositor"
"DBA4","2019-03-31","8652947E17","depositor"
"DBA4","2019-03-31","8660041ED5","depositor"
"DBA4","2019-03-31","86685ADEBF","depositor"
"DBA4","2019-03-31","866A8D74E1","depositor"
"DBA4","2019-03-31","86B60FEC7E","depositor"
"DBA4","2019-03-31","86E15B0A83","depositor"
"DBA4","2019-03-31","8702D32936","depositor"
"DBA4","2019-03-31","875B32B7A1","depositor"
"DBA4","2019-03-31","87A44FFB44","depositor"
"DBA4","2019-03-31","87CB16B8B8","depositor"
"DBA4","2019-03-31","87DF360DCF","depositor"
"DBA4","2019-03-31","883878962E","depositor"
"DBA4","2019-03-31","88A4E4930D","depositor"
"DBA4","2019-03-31","88CCE9232F","depositor"
"DBA4","2019-03-31","88D4DBC3E0","depositor"
"DBA4","2019-03-31","894E1A9884","depositor"
"DBA4","2019-03-31","89518BFD57","depositor;representative"
"DBA4","2019-03-31","89B40A0C70","depositor"
"DBA4","2019-03-31","89F6F93367","depositor"
"DBA4","2019-03-31","8ACFCFA44D","depositor"
"DBA4","2019-03-31","8AFA44B0C6","depositor"
"DBA4","2019-03-31","8B5FD7C92F","depositor"
"DBA4","2019-03-31","8B69D8BA85","depositor"
"DBA4","2019-03-31","8BF5F8F8D4","depositor"
"DBA4","2019-03-31","8BF7A8D392","depositor"
"DBA4","2019-03-31","8C29480F65","depositor"
"DBA4","2019-03-31","8C5BF4AFAD","depositor"
"DBA4","2019-03-31","8C656C2636","depositor"
"DBA4","2019-03-31","8C84D2EE84","depositor;representative"
"DBA4","2019-03-31","8D29F52D99","depositor"
"DBA4","2019-03-31","8D56FAA989","depositor"
"DBA4","2019-03-31","8D9A00FD91","depositor"
"DBA4","2019-03-31","8DCBFD3D39","depositor"
"DBA4","2019-03-31","8DE1606B0A","depositor"
"DBA4","2019-03-31","8DF8F5087F","depositor"
"DBA4","2019-03-31","8E072ACB20","depositor"
"DBA4","2019-03-31","8EBD9BE108","depositor"
"DBA4","2019-03-31","8F97079896","depositor"
"DBA4","2019-03-31","8FADD6BBB2","depositor"
"DBA4","2019-03-31","8FFF7CE246","depositor"
"DBA4","2019-03-31","90853F7311","depositor"
"DBA4","2019-03-31","90B64655D6","depositor"
"DBA4","2019-03-31","90E5E45AD1","depositor"
"DBA4","2019-03-31","910D3853F1","depositor"
"DBA4","2019-03-31","914433355F","depositor"
"DBA4","2019-03-31","9149705EF0","depositor"
"DBA4","2019-03-31","9186888CB2","depositor"
"DBA4","2019-03-31","9194CD5005","depositor"
"DBA4","2019-03-31","91AED577FA","depositor"
"DBA4","2019-03-31","91DC487DEE","depositor"
"DBA4","2019-03-31","91FF4D7E8A","depositor"
"DBA4","2019-03-31","92132F90BB","depositor"
"DBA4","2019-03-31","9237363011","depositor"
"DBA4","2019-03-31","928D59A3AE","depositor"
"DBA4","2019-03-31","92AB44E933","depositor"
"DBA4","2019-03-31","937DB48F4E","depositor"
"DBA4","2019-03-31","93BAE86654","depositor"
"DBA4","2019-03-31","93DB808967","depositor;representative"
"DBA4","2019-03-31","9409294B0D","depositor"
"DBA4","2019-03-31","9433226F60","depositor"
"DBA4","2019-03-31","943BC1AC03","depositor"
"DBA4","2019-03-31","94F5293556","depositor"
"DBA4","2019-03-31","954C249221","depositor"
"DBA4","2019-03-31","9587AC0370","depositor"
"DBA4","2019-03-31","9591D5088B","depositor"
"DBA4","2019-03-31","95CAC9EEA6","depositor"
"DBA4","2019-03-31","96177F94BD","depositor"
"DBA4","2019-03-31","96924D79EB","depositor"
"DBA4","2019-03-31","97C2440B85","depositor"
"DBA4","2019-03-31","9809C36F81","depositor;representative"
"DBA4","2019-03-31","9824AD899F","depositor"
"DBA4","2019-03-31","98279525FF","depositor"
"DBA4","2019-03-31","984D920BE5","depositor"
"DBA4","2019-03-31","9888E48BFA","depositor"
"DBA4","2019-03-31","9889B6259D","depositor"
"DBA4","2019-03-31","99448978DD","depositor"
"DBA4","2019-03-31","99451A68A4","depositor"
"DBA4","2019-03-31","99493CC2E8","depositor"
"DBA4","2019-03-31","99C310CCE0","depositor"
"DBA4","2019-03-31","99D22DA62F","depositor"
"DBA4","2019-03-31","99ED45ABF4","depositor"
"DBA4","2019-03-31","9A3753112E","depositor"
"DBA4","2019-03-31","9A74D3785A","depositor"
"DBA4","2019-03-31","9AC776AB0E","depositor"
"DBA4","2019-03-31","9B11ADEB30","depositor"
"DBA4","2019-03-31","9B463A8057","depositor"
"DBA4","2019-03-31","9B536DC176","depositor"
"DBA4","2019-03-31","9BCC0F6C99","depositor"
"DBA4","2019-03-31","9C0858AB0F","depositor"
"DBA4","2019-03-31","9C5CDB151A","depositor"
"DBA4","2019-03-31","9CA9B2E474","depositor"
"DBA4","2019-03-31","9D1C0F9880","depositor"
"DBA4","2019-03-31","9E05286F51","depositor"
"DBA4","2019-03-31","9E33B0A4E6","depositor"
"DBA4","2019-03-31","9E54C6A832","depositor"
"DBA4","2019-03-31","9E8F6E753D","depositor"
"DBA4","2019-03-31","9EC9637EFF","depositor"
"DBA4","2019-03-31","9F250B414E","depositor"
"DBA4","2019-03-31","9F84346EFD","depositor"
"DBA4","2019-03-31","9FFB69C07E","depositor"
"DBA4","2019-03-31","A062533151","depositor"
"DBA4","2019-03-31","A08A0FA63E","depositor"
"DBA4","2019-03-31","A10341C77A","depositor"
"DBA4","2019-03-31","A14403C05A","depositor"
"DBA4","2019-03-31","A17AE7EE82","depositor"
"DBA4","2019-03-31","A19984238C","depositor"
"DBA4","2019-03-31","A1E47C1D1E","depositor"
"DBA4","2019-03-31","A2193D0E1D","depositor"
"DBA4","2019-03-31","A28C75D69C","depositor"
"DBA4","2019-03-31","A2A553403E","depositor"
"DBA4","2019-03-31","A2BB060995","depositor"
"DBA4","2019-03-31","A2F6071FE8","depositor"
"DBA4","2019-03-31","A327C49803","depositor"
"DBA4","2019-03-31","A36ED3CC09","depositor"
"DBA4","2019-03-31","A417E9AE04","depositor"
"DBA4","2019-03-31","A4AB65FD55","depositor"
"DBA4","2019-03-31","A56A93CF9B","depositor;representative"
"DBA4","2019-03-31","A57B8810CA","depositor"
"DBA4","2019-03-31","A58A10D8BB","depositor"
"DBA4","2019-03-31","A5B1440AAF","depositor"
"DBA4","2019-03-31","A600DC962A","depositor"
"DBA4","2019-03-31","A62717EEA0","depositor"
"DBA4","2019-03-31","A6D98E7D90","depositor"
"DBA4","2019-03-31","A7CA1BC08B","depositor"
"DBA4","2019-03-31","A80B482A1F","depositor"
"DBA4","2019-03-31","A87803EFE3","depositor"
"DBA4","2019-03-31","A995723F28","depositor"
"DBA4","2019-03-31","A9CBEF6AE6","depositor"
"DBA4","2019-03-31","A9D0FFC992","depositor"
"DBA4","2019-03-31","AA05D215BB","depositor"
"DBA4","2019-03-31","AAD64BEFB0","depositor"
"DBA4","2019-03-31","AB05B4A6AC","depositor"
"DBA4","2019-03-31","AB47B7BAF9","depositor"
"DBA4","2019-03-31","AB78A72FB9","depositor"
"DBA4","2019-03-31","AB809094D7","depositor"
"DBA4","2019-03-31","AB875FD6FE","depositor"
"DBA4","2019-03-31","ABB088CFEC","depositor"
"DBA4","2019-03-31","ABBF2A0B4B","depositor"
"DBA4","2019-03-31","ABC4E8E67B","depositor"
"DBA4","2019-03-31","AC0894B3E4","depositor"
"DBA4","2019-03-31","AC12FA28D4","depositor"
"DBA4","2019-03-31","AC4C8DE5B1","depositor"
"DBA4","2019-03-31","AC68A6D1E8","depositor"
"DBA4","2019-03-31","AC6B865972","depositor"
"DBA4","2019-03-31","ACFD423ABE","depositor"
"DBA4","2019-03-31","AD1C2A8C45","depositor"
"DBA4","2019-03-31","ADBF0840BF","depositor"
"DBA4","2019-03-31","ADDDB4BC21","depositor"
"DBA4","2019-03-31","ADFF072920","depositor"
"DBA4","2019-03-31","AEEB4C9E98","depositor"
"DBA4","2019-03-31","AEFD3D5566","depositor"
"DBA4","2019-03-31","AF6F2409A5","depositor"
"DBA4","2019-03-31","AFAF260AB5","depositor"
"DBA4","2019-03-31","B0287BA3FD","depositor"
"DBA4","2019-03-31","B0545043D4","depositor"
"DBA4","2019-03-31","B09561A406","depositor"
"DBA4","2019-03-31","B0A0A01014","depositor"
"DBA4","2019-03-31","B0E7331E3C","depositor"
"DBA4","2019-03-31","B0F41D688A","depositor"
"DBA4","2019-03-31","B177725740","depositor"
"DBA4","2019-03-31","B1CB79EC08","depositor"
"DBA4","2019-03-31","B30A9D3E4D","depositor;representative"
"DBA4","2019-03-31","B3CC96C05D","depositor"
"DBA4","2019-03-31","B3F69521B2","depositor"
"DBA4","2019-03-31","B480995E90","depositor"
"DBA4","2019-03-31","B5FC0214E3","depositor"
"DBA4","2019-03-31","B61B52CAB6","depositor"
"DBA4","2019-03-31","B62F9D9D97","depositor"
"DBA4","2019-03-31","B6A5D21FC7","depositor"
"DBA4","2019-03-31","B6C7DEDEB4","depositor"
"DBA4","2019-03-31","B6DB2A49F8","depositor"
"DBA4","2019-03-31","B6EBCD59C0","depositor"
"DBA4","2019-03-31","B70D74626A","depositor"
"DBA4","2019-03-31","B720DC3265","depositor;representative"
"DBA4","2019-03-31","B724B27F3B","depositor"
"DBA4","2019-03-31","B73F85942F","depositor"
"DBA4","2019-03-31","B7D78E9837","depositor"
"DBA4","2019-03-31","B83B939CEE","depositor"
"DBA4","2019-03-31","B857ACD027","depositor"
"DBA4","2019-03-31","B8BE63DBD0","depositor"
"DBA4","2019-03-31","B90B823AC1","depositor"
"DBA4","2019-03-31","B92B86D27B","depositor"
"DBA4","2019-03-31","B9860526B2","depositor"
"DBA4","2019-03-31","B99F9F9E1E","depositor"
"DBA4","2019-03-31","B9E6413C49","depositor"
"DBA4","2019-03-31","BA3CBAAC13","depositor"
"DBA4","2019-03-31","BA72EABDFE","depositor"
"DBA4","2019-03-31","BB0A07BF98","depositor"
"DBA4","2019-03-31","BB7721A90F","depositor"
"DBA4","2019-03-31","BB7F342ABD","depositor"
"DBA4","2019-03-31","BB94D43CFB","depositor"
"DBA4","2019-03-31","BBC7B9F8BF","depositor"
"DBA4","2019-03-31","BBEDDC8FE6","depositor"
"DBA4","2019-03-31","BBEE2C0EC7","depositor"
"DBA4","2019-03-31","BC03024CF0","depositor"
"DBA4","2019-03-31","BC245D5654","depositor"
"DBA4","2019-03-31","BC6D0E8542","depositor"
"DBA4","2019-03-31","BC727338F4","depositor"
"DBA4","2019-03-31","BCCC32DD8B","depositor"
"DBA4","2019-03-31","BCD2EE4A49","depositor"
"DBA4","2019-03-31","BCD789E7E7","depositor"
"DBA4","2019-03-31","BCDC69A2E3","depositor"
"DBA4","2019-03-31","BD197E52DB","depositor"
"DBA4","2019-03-31","BD277E23D7","depositor"
"DBA4","2019-03-31","BD58C668F1","depositor"
"DBA4","2019-03-31","BDD0CB2473","depositor"
"DBA4","2019-03-31","BDE143DC30","depositor"
"DBA4","2019-03-31","BE0CEE81A6","depositor"
"DBA4","2019-03-31","BE30BE3166","depositor"
"DBA4","2019-03-31","BEAAC395D0","depositor"
"DBA4","2019-03-31","BF31605DE9","depositor"
"DBA4","2019-03-31","C04DF7D44E","depositor"
"DBA4","2019-03-31","C0601DBEDC","depositor"
"DBA4","2019-03-31","C09F3C77B6","depositor"
"DBA4","2019-03-31","C18A65F47D","depositor"
"DBA4","2019-03-31","C1D35CE3E3","depositor"
"DBA4","2019-03-31","C21819B902","depositor"
"DBA4","2019-03-31","C233FCC42F","depositor"
"DBA4","2019-03-31","C23420BE7C","depositor"
"DBA4","2019-03-31","C2550B616E","depositor"
"DBA4","2019-03-31","C2B0B9C64D","depositor"
"DBA4","2019-03-31","C2C0218789","depositor"
"DBA4","2019-03-31","C3697FB065","depositor"
"DBA4","2019-03-31","C45775B967","depositor"
"DBA4","2019-03-31","C4A7292124","depositor"
"DBA4","2019-03-31","C5128F5BFF","depositor"
"DBA4","2019-03-31","C60BBF8631","depositor"
"DBA4","2019-03-31","C63A7C60F8","depositor"
"DBA4","2019-03-31","C63D5EB52E","depositor"
"DBA4","2019-03-31","C63F9A80F4","depositor"
"DBA4","2019-03-31","C6553F7730","depositor"
"DBA4","2019-03-31","C67F207B3E","depositor"
"DBA4","2019-03-31","C6DE59DAD2","depositor"
"DBA4","2019-03-31","C6EBA2CF3D","depositor"
"DBA4","2019-03-31","C7C1558C1B","depositor"
"DBA4","2019-03-31","C81FB19B60","depositor"
"DBA4","2019-03-31","C83B469DE5","depositor"
"DBA4","2019-03-31","C873E8E9A1","depositor"
"DBA4","2019-03-31","C8CC17C375","depositor"
"DBA4","2019-03-31","C95E98E658","depositor"
"DBA4","2019-03-31","C9AB486518","depositor"
"DBA4","2019-03-31","CA06DAB0EA","depositor"
"DBA4","2019-03-31","CA6362914A","depositor"
"DBA4","2019-03-31","CABC932AC0","depositor"
"DBA4","2019-03-31","CAD3B5699E","depositor"
"DBA4","2019-03-31","CAE02AF83A","depositor"
"DBA4","2019-03-31","CB247A6A47","depositor"
"DBA4","2019-03-31","CB314A69E8","depositor"
"DBA4","2019-03-31","CB37690BE9","depositor"
"DBA4","2019-03-31","CBF42FB624","depositor"
"DBA4","2019-03-31","CC3C65D681","depositor"
"DBA4","2019-03-31","CC6446BD09","depositor"
"DBA4","2019-03-31","CD4165CD92","depositor"
"DBA4","2019-03-31","CE13DC9974","depositor"
"DBA4","2019-03-31","CE5B2F3051","depositor"
"DBA4","2019-03-31","CE67B67752","depositor"
"DBA4","2019-03-31","CE97EF225C","depositor"
"DBA4","2019-03-31","CEFD7A220D","depositor"
"DBA4","2019-03-31","CF44256FD9","depositor"
"DBA4","2019-03-31","CF77FB149A","depositor"
"DBA4","2019-03-31","D036B64D20","depositor"
"DBA4","2019-03-31","D0A7FB173B","depositor"
"DBA4","2019-03-31","D1330F7F4D","depositor"
"DBA4","2019-03-31","D1434FF6DC","depositor"
"DBA4","2019-03-31","D2058DB937","depositor"
"DBA4","2019-03-31","D20A2B24A5","depositor"
"DBA4","2019-03-31","D214BC8CC7","depositor"
"DBA4","2019-03-31","D288A308A1","depositor"
"DBA4","2019-03-31","D2C86D1AC4","depositor"
"DBA4","2019-03-31","D36375B264","depositor"
"DBA4","2019-03-31","D462CAA2C7","depositor"
"DBA4","2019-03-31","D4E918F671","depositor"
"DBA4","2019-03-31","D50ED015FA","depositor"
"DBA4","2019-03-31","D736D331BE","depositor"
"DBA4","2019-03-31","D79905E1F5","depositor"
"DBA4","2019-03-31","D92AE4D2BD","depositor"
"DBA4","2019-03-31","D96E36D622","depositor"
"DBA4","2019-03-31","D9EF9F9D8A","depositor"
"DBA4","2019-03-31","D9F9D35CDA","depositor"
"DBA4","2019-03-31","DA457B7111","depositor"
"DBA4","2019-03-31","DA64D9FD6A","depositor"
"DBA4","2019-03-31","DAEE61F81C","depositor"
"DBA4","2019-03-31","DB08557F70","depositor"
"DBA4","2019-03-31","DBD82A4F6E","depositor"
"DBA4","2019-03-31","DBD830FFC8","depositor"
"DBA4","2019-03-31","DC8E154AB1","depositor"
"DBA4","2019-03-31","DC92791D42","depositor"
"DBA4","2019-03-31","DD1652683E","depositor"
"DBA4","2019-03-31","DEE0476FC6","depositor"
"DBA4","2019-03-31","DF27D67D6D","depositor"
"DBA4","2019-03-31","DF3B777996","depositor"
"DBA4","2019-03-31","DF50CBEECA","depositor"
"DBA4","2019-03-31","E009C46F49","depositor"
"DBA4","2019-03-31","E03B20A857","depositor"
"DBA4","2019-03-31","E072BA5726","depositor"
"DBA4","2019-03-31","E10AFF485E","depositor"
"DBA4","2019-03-31","E12C623CC6","depositor"
"DBA4","2019-03-31","E1A06149AF","depositor"
"DBA4","2019-03-31","E1AE80D3F2","depositor"
"DBA4","2019-03-31","E26A907E3B","depositor"
"DBA4","2019-03-31","E274ECFDEF","depositor"
"DBA4","2019-03-31","E27E20B7B3","depositor"
"DBA4","2019-03-31","E29E941954","depositor"
"DBA4","2019-03-31","E32F08DF9F","depositor"
"DBA4","2019-03-31","E3368DAFD7","depositor"
"DBA4","2019-03-31","E33D45CB23","depositor"
"DBA4","2019-03-31","E400F42E06","depositor"
"DBA4","2019-03-31","E433F471E7","depositor"
"DBA4","2019-03-31","E499A988E8","depositor"
"DBA4","2019-03-31","E553EFD0E1","depositor"
"DBA4","2019-03-31","E558260E6C","depositor"
"DBA4","2019-03-31","E619DF0EF2","depositor"
"DBA4","2019-03-31","E61B13414E","depositor"
"DBA4","2019-03-31","E6E415BED4","depositor"
"DBA4","2019-03-31","E70519A5FE","depositor"
"DBA4","2019-03-31","E7CCCDC02C","depositor"
"DBA4","2019-03-31","E7CCE9C1E6","depositor"
"DBA4","2019-03-31","E84952E1DB","depositor"
"DBA4","2019-03-31","E8970D4CA8","depositor"
"DBA4","2019-03-31","E8B09172F2","depositor"
"DBA4","2019-03-31","E8FEB49C2B","depositor"
"DBA4","2019-03-31","E97EF16858","depositor"
"DBA4","2019-03-31","E9AD4E73E9","depositor"
"DBA4","2019-03-31","E9D21B3BF4","depositor"
"DBA4","2019-03-31","E9F8393C80","depositor"
"DBA4","2019-03-31","EA3F517F3B","depositor"
"DBA4","2019-03-31","EA78C87F94","depositor"
"DBA4","2019-03-31","EA8F007934","depositor"
"DBA4","2019-03-31","EA976432CA","depositor"
"DBA4","2019-03-31","EAC95C6CE0","depositor"
"DBA4","2019-03-31","EAFC6506ED","depositor"
"DBA4","2019-03-31","EB0E444FE4","depositor"
"DBA4","2019-03-31","EB6F5EDA76","depositor"
"DBA4","2019-03-31","EB7B227591","depositor"
"DBA4","2019-03-31","EBC0B8DD91","depositor"
"DBA4","2019-03-31","EC69BD51AA","depositor"
"DBA4","2019-03-31","EC800CFD29","depositor"
"DBA4","2019-03-31","ECC2F26C01","depositor"
"DBA4","2019-03-31","ECCFBF44A9","depositor"
"DBA4","2019-03-31","ECEFE18582","depositor"
"DBA4","2019-03-31","ED02B2E272","depositor"
"DBA4","2019-03-31","ED1507CE7B","depositor"
"DBA4","2019-03-31","ED3FEE5F37","depositor"
"DBA4","2019-03-31","ED7C81633E","depositor"
"DBA4","2019-03-31","EDB25DE3D6","depositor"
"DBA4","2019-03-31","EDB3F6AF0B","depositor"
"DBA4","2019-03-31","EDC4E89EF1","depositor"
"DBA4","2019-03-31","EDFDCEB782","depositor"
"DBA4","2019-03-31","EDFF090564","depositor"
"DBA4","2019-03-31","EE7928F65B","depositor"
"DBA4","2019-03-31","EF0BEB07D0","depositor"
"DBA4","2019-03-31","EF7DA8B933","depositor"
"DBA4","2019-03-31","EF8ED7C0DF","depositor"
"DBA4","2019-03-31","F0FD235CAF","depositor"
"DBA4","2019-03-31","F1CF0290AC","depositor"
"DBA4","2019-03-31","F25748C68E","depositor"
"DBA4","2019-03-31","F259E3DD39","depositor"
"DBA4","2019-03-31","F2779FCF72","depositor"
"DBA4","2019-03-31","F2916A9148","depositor"
"DBA4","2019-03-31","F3966E69CF","depositor"
"DBA4","2019-03-31","F42E930C3C","depositor"
"DBA4","2019-03-31","F4832C1E74","depositor"
"DBA4","2019-03-31","F4FE01CBD8","depositor"
"DBA4","2019-03-31","F512685A02","depositor"
"DBA4","2019-03-31","F51947D720","depositor"
"DBA4","2019-03-31","F525D988D4","depositor"
"DBA4","2019-03-31","F53E207117","depositor"
"DBA4","2019-03-31","F5582837C9","depositor"
"DBA4","2019-03-31","F58A45B279","depositor"
"DBA4","2019-03-31","F5987B7D3E","depositor"
"DBA4","2019-03-31","F5A863B93D","depositor"
"DBA4","2019-03-31","F5DB7D607B","depositor"
"DBA4","2019-03-31","F5E1204855","depositor"
"DBA4","2019-03-31","F5E21E8955","depositor"
"DBA4","2019-03-31","F6880F80C7","depositor"
"DBA4","2019-03-31","F72F391042","depositor"
"DBA4","2019-03-31","F7A4F9D741","depositor"
"DBA4","2019-03-31","F829052229","depositor"
"DBA4","2019-03-31","F85CDEA5E8","depositor"
"DBA4","2019-03-31","F892E024C9","depositor"
"DBA4","2019-03-31","F8F0040105","depositor"
"DBA4","2019-03-31","F8F4611191","depositor"
"DBA4","2019-03-31","F9193D1162","depositor"
"DBA4","2019-03-31","F949C289CE","depositor"
"DBA4","2019-03-31","F973850346","depositor"
"DBA4","2019-03-31","F9F480EB33","depositor"
"DBA4","2019-03-31","FA8DCB3B74","depositor"
"DBA4","2019-03-31","FAA99F4C2C","depositor"
"DBA4","2019-03-31","FAC059B465","depositor;representative"
"DBA4","2019-03-31","FACC7A59DB","depositor"
"DBA4","2019-03-31","FB05311BD2","depositor"
"DBA4","2019-03-31","FB3264BED8","depositor"
"DBA4","2019-03-31","FB3EEA054C","depositor"
"DBA4","2019-03-31","FB750C320D","depositor"
"DBA4","2019-03-31","FBBAC90B91","depositor"
"DBA4","2019-03-31","FC07B835A2","depositor"
"DBA4","2019-03-31","FC08E3F89B","depositor"
"DBA4","2019-03-31","FC16E3C0A4","depositor"
"DBA4","2019-03-31","FC6FC8891D","depositor"
"DBA4","2019-03-31","FC7C68F6D6","depositor"
"DBA4","2019-03-31","FCA5275E74","depositor"
"DBA4","2019-03-31","FCB6337F3A","depositor"
"DBA4","2019-03-31","FD34932F5D","depositor"
"DBA4","2019-03-31","FE2146659A","depositor"
"DBA4","2019-03-31","FE441D4A76","depositor"
"DBA4","2019-03-31","FE68C1BF5E","depositor"
"DBA4","2019-03-31","FE84EDC4A5","depositor"
"DBA4","2019-03-31","FE9BE8568B","depositor"
"DBA4","2019-03-31","FECADCF87D","depositor"
"DBA4","2019-03-31","FEE35DD387","depositor"
"DBA4","2019-03-31","FF4571990C","depositor"
"DBA4","2019-03-31","FF6A69EDF6","depositor"
"DBA4","2019-03-31","FF7A97AB36","depositor"
"DBA4","2019-03-31","FFED72D8C1","depositor"
"DBA4","2019-03-31","FFEF884BDF","depositor"
